"氏名","ふりがな","氏名ふりがな"
"河合平内","かわいひらない","河合平内（かわいひらない）"
"きじまてるい","きじまてるい","きじまてるい（きじまてるい）"
"篠原守宏","しのはらもりひろ","篠原守宏（しのはらもりひろ）"
"野中栄治","のなかえいじ","野中栄治（のなかえいじ）"
"田中章雄","たなかあきお","田中章雄（たなかあきお）"
"渡辺修次","わたなべしゅうじ","渡辺修次（わたなべしゅうじ）"
"大竹さよこ","おおたけさよこ","大竹さよこ（おおたけさよこ）"
"平沢太郎","ひらさわたろう","平沢太郎（ひらさわたろう）"
"山中ちえ子","さんちゅうちえこ","山中ちえ子（さんちゅうちえこ）"
"しのはら守宏","しのはらもりひろ","しのはら守宏（しのはらもりひろ）"
"はたの昭彦","はたのあきひこ","はたの昭彦（はたのあきひこ）"
"へんみ圭二","へんみけいじ","へんみ圭二（へんみけいじ）"
"岡安たかし","おかやすたかし","岡安たかし（おかやすたかし）"
"えびね久美子","えびねくみこ","えびね久美子（えびねくみこ）"
"米山やすし","よねやまやすし","米山やすし（よねやまやすし）"
"小林ますみ","こばやしますみ","小林ますみ（こばやしますみ）"
"川下政信","かわしもまさのぶ","川下政信（かわしもまさのぶ）"
"谷中慶子","やなかけいこ","谷中慶子（やなかけいこ）"
"長谷川たかこ","はせがわたかこ","長谷川たかこ（はせがわたかこ）"
"金田正","かねだせい","金田正（かねだせい）"
"いいくら昭二","いいくらしょうじ","いいくら昭二（いいくらしょうじ）"
"中島勇","なかじまいさみ","中島勇（なかじまいさみ）"
"土屋のりこ","つちやのりこ","土屋のりこ（つちやのりこ）"
"三好すみお","みよしすみお","三好すみお（みよしすみお）"
"うすい浩一","うすいこういち","うすい浩一（うすいこういち）"
"藤沼壮次","ふじぬまそうつぎ","藤沼壮次（ふじぬまそうつぎ）"
"西口喜代志","にしぐちきよし","西口喜代志（にしぐちきよし）"
"銀川ゆい子","ぎんせんゆいこ","銀川ゆい子（ぎんせんゆいこ）"
"せぬま剛","せぬまつよし","せぬま剛（せぬまつよし）"
"村田晃一","むらたこういち","村田晃一（むらたこういち）"
"長澤こうすけ","ながさわこうすけ","長澤こうすけ（ながさわこうすけ）"
"さとう純子","さとうじゅんこ","さとう純子（さとうじゅんこ）"
"松丸まこと","まつまるまこと","松丸まこと（まつまるまこと）"
"明石幸子","あかしゆきこ","明石幸子（あかしゆきこ）"
"高山のぶゆき","こうざんのぶゆき","高山のぶゆき（こうざんのぶゆき）"
"ぬかが和子","ぬかがかずこ","ぬかが和子（ぬかがかずこ）"
"今井重利","いまいしげとし","今井重利（いまいしげとし）"
"加藤和明","かとうかずあき","加藤和明（かとうかずあき）"
"鈴木けんいち","すずきけんいち","鈴木けんいち（すずきけんいち）"
"石毛かずあき","いしげかずあき","石毛かずあき（いしげかずあき）"
"杉崎征司","すぎさきせいじ","杉崎征司（すぎさきせいじ）"
"くぼた美幸","くぼたみゆき","くぼた美幸（くぼたみゆき）"
"西の原えみ子","にしのはらえみこ","西の原えみ子（にしのはらえみこ）"
"新井英生","あらいひでお","新井英生（あらいひでお）"
"市川伯登","いちかわはくとう","市川伯登（いちかわはくとう）"
"橋本ミチ子","はしもとみちこ","橋本ミチ子（はしもとみちこ）"
"芦川武雄","あしかわたけお","芦川武雄（あしかわたけお）"
"針谷みきお","はりやみきお","針谷みきお（はりやみきお）"
"浅古みつひさ","せんふるみつひさ","浅古みつひさ（せんふるみつひさ）"
"高山延之","こうざんえんし","高山延之（こうざんえんし）"
"しぶや竜一","しぶやりゅういち","しぶや竜一（しぶやりゅういち）"
"鹿浜清","しかはまきよし","鹿浜清（しかはまきよし）"
"たがた直昭","たがたなおあき","たがた直昭（たがたなおあき）"
"馬場繁太郎","ばばしげたろう","馬場繁太郎（ばばしげたろう）"
"古性重則","ふるしょうしげのり","古性重則（ふるしょうしげのり）"
"くじらい実","くじらいみ","くじらい実（くじらいみ）"
"あかし幸子","あかしゆきこ","あかし幸子（あかしゆきこ）"
"藤崎貞雄","ふじさきさだお","藤崎貞雄（ふじさきさだお）"
"鴨下稔","かもしたみのる","鴨下稔（かもしたみのる）"
"市川おさと","いちかわおさと","市川おさと（いちかわおさと）"
"飯田豊彦","いいだとよひこ","飯田豊彦（いいだとよひこ）"
"吉川一","よしかわいち","吉川一（よしかわいち）"
"にたない和","にたないわ","にたない和（にたないわ）"
"馬場信男","ばばのぶお","馬場信男（ばばのぶお）"
"長塩英治","ちょうしおえいじ","長塩英治（ちょうしおえいじ）"
"ほっち易隆","ほっちえきたかし","ほっち易隆（ほっちえきたかし）"
"忍足和雄","おしたりかずお","忍足和雄（おしたりかずお）"
"きたがわ秀和","きたがわしゅうわ","きたがわ秀和（きたがわしゅうわ）"
"工藤和彦","くどうかずひこ","工藤和彦（くどうかずひこ）"
"小野実","おのみ","小野実（おのみ）"
"新井ひでお","あらいひでお","新井ひでお（あらいひでお）"
"吉岡茂","よしおかしげる","吉岡茂（よしおかしげる）"
"小泉ひろし","こいずみひろし","小泉ひろし（こいずみひろし）"
"大島芳江","おおしまよしえ","大島芳江（おおしまよしえ）"
"ふちわき啓子","ふちわきけいこ","ふちわき啓子（ふちわきけいこ）"
"佐々木まさひこ","ささきまさひこ","佐々木まさひこ（ささきまさひこ）"
"鹿浜昭","しかはまあきら","鹿浜昭（しかはまあきら）"
"たきがみ明","たきがみめい","たきがみ明（たきがみめい）"
"中島こういちろう","なかじまこういちろう","中島こういちろう（なかじまこういちろう）"
"前野和男","まえのかずお","前野和男（まえのかずお）"
"吉田こうじ","よしだこうじ","吉田こうじ（よしだこうじ）"
"くじらい光治","くじらいこうじ","くじらい光治（くじらいこうじ）"
"白石正輝","しろいしまさき","白石正輝（しろいしまさき）"
"浅子けい子","あさこけいこ","浅子けい子（あさこけいこ）"
"秋山ひでとし","あきやまひでとし","秋山ひでとし（あきやまひでとし）"
"金沢美矢子","かなざわみやこ","金沢美矢子（かなざわみやこ）"
"長井まさのり","ながいまさのり","長井まさのり（ながいまさのり）"
"山本明儀","やまもとめいぎ","山本明儀（やまもとめいぎ）"
"工藤哲也","くどうてつや","工藤哲也（くどうてつや）"
"白川由人","しらかわよしひと","白川由人（しらかわよしひと）"
"伊藤和彦","いとうかずひこ","伊藤和彦（いとうかずひこ）"
"鈴木あきら","すずきあきら","鈴木あきら（すずきあきら）"
"杉本ゆう","すぎもとゆう","杉本ゆう（すぎもとゆう）"
"藤木二幸","ふじきにさち","藤木二幸（ふじきにさち）"
"さの智恵子","さのちえこ","さの智恵子（さのちえこ）"
"横田ゆう","よこたゆう","横田ゆう（よこたゆう）"
"渕上隆","ふちがみたかし","渕上隆（ふちがみたかし）"
"鈴木秀三郎","すずきひでさぶろう","鈴木秀三郎（すずきひでさぶろう）"
"鈴木進","すずきすすむ","鈴木進（すずきすすむ）"
"ただ太郎","ただたろう","ただ太郎（ただたろう）"
"浜崎健一","はまさきけんいち","浜崎健一（はまさきけんいち）"
"伊藤のぶゆき","いとうのぶゆき","伊藤のぶゆき（いとうのぶゆき）"
"長澤興祐","ながさわきょうすけ","長澤興祐（ながさわきょうすけ）"
"かねだ正","かねだせい","かねだ正（かねだせい）"
"松尾かつや","まつおかつや","松尾かつや（まつおかつや）"
"おぐら修平","おぐらしゅうへい","おぐら修平（おぐらしゅうへい）"
"渡辺ひであき","わたなべひであき","渡辺ひであき（わたなべひであき）"
"水野あゆみ","みずのあゆみ","水野あゆみ（みずのあゆみ）"
"ともとし春久","ともとしはるひさ","ともとし春久（ともとしはるひさ）"
"杉崎せいじ","すぎさきせいじ","杉崎せいじ（すぎさきせいじ）"
